501,acetato Envase 167 x 140,3,https://cotizar.jjquimienvases.com/items/imagenes/hl1.jpg,13,1,357,359,38
502,acetato Envase 167 x 70,3,https://cotizar.jjquimienvases.com/items/imagenes/hl2.jpg,13,1,357,359,38
503,acetato envase 167 x 45,3,https://cotizar.jjquimienvases.com/items/imagenes/hl3.jpg,13,1,357,359,38
505,acetato  Envase de 134 x 140,3,https://cotizar.jjquimienvases.com/items/imagenes/hl4.jpg,13,1,357,359,38
506,acetato Envase de 134 x 80,3,https://cotizar.jjquimienvases.com/items/imagenes/hl5.jpg,13,1,357,359,38
507,acetato Envase de 134 x 45,3,https://cotizar.jjquimienvases.com/items/imagenes/hl6.jpg,13,1,357,359,38
508,acetato envase 107 x 140,3,https://cotizar.jjquimienvases.com/items/imagenes/hl7.jpg,13,1,357,359,38
509,acetato envase 107 x 70,3,https://cotizar.jjquimienvases.com/items/imagenes/hl8.jpg,13,1,357,359,38
510,acetato envase 107 x 45,3,https://cotizar.jjquimienvases.com/items/imagenes/hl9.jpg,13,1,357,359,38
511,acetato envase 101 x 140,3,https://cotizar.jjquimienvases.com/items/imagenes/hl10.jpg,13,1,357,359,38
512,acetato envase 101 x 70,3,https://cotizar.jjquimienvases.com/items/imagenes/hl11.jpg,13,1,357,359,38
513,acetato envase 101 x 45,3,https://cotizar.jjquimienvases.com/items/imagenes/hl12.jpg,13,1,357,359,38
514,acetato envase 87 x 140,3,https://cotizar.jjquimienvases.com/items/imagenes/hl13.jpg,13,1,357,359,38
515,acetato envase 87 x 70 ,3,https://cotizar.jjquimienvases.com/items/imagenes/hl14.jpg,13,1,357,359,38
516,acetato envase 87 x 45,3,https://cotizar.jjquimienvases.com/items/imagenes/hl15.jpg,13,1,357,359,38
518,acetato envase 73 x 70,3,https://cotizar.jjquimienvases.com/items/imagenes/hl16.jpg,13,1,357,359,38
519,acetato envase 75 x 40,3,https://cotizar.jjquimienvases.com/items/imagenes/hl17.jpg,13,1,357,359,38
520,acetato envase 67 x 140,3,https://cotizar.jjquimienvases.com/items/imagenes/hl18.jpg,13,1,357,359,38
521,acetato envase 67 x 70,3,https://cotizar.jjquimienvases.com/items/imagenes/hl19.jpg,13,1,357,359,38
522,acetato envase 67 x 45,3,https://cotizar.jjquimienvases.com/items/imagenes/hl20.jpg,13,1,357,359,38
523,lacado envase circular 212 x 80 dorado,3,https://cotizar.jjquimienvases.com/items/imagenes/hl21.jpg,12,1,357,358,38
524,lacado envase circular 185 x 80 plateado,3,https://cotizar.jjquimienvases.com/items/imagenes/hl22.jpg,12,1,357,358,38
525,lacado envase 167 x 80 dorado,3,https://cotizar.jjquimienvases.com/items/imagenes/hl23.jpg,12,1,357,358,38
527,lacado envase circular 134 x 80 dorado,3,https://cotizar.jjquimienvases.com/items/imagenes/hl24.jpg,12,1,357,358,38
528,lacado envase circular 107 x 80 PLATA ,3,https://cotizar.jjquimienvases.com/items/imagenes/hl25.jpg,12,1,357,358,38
529,hojalata lacado envase 87 x 60 plata ,3,https://cotizar.jjquimienvases.com/items/imagenes/hl26.jpg,12,1,357,358,38
530,hojalata lacado envase 87 x 40 PLATEADO,3,https://cotizar.jjquimienvases.com/items/imagenes/hl27.jpg,12,1,357,358,38
531,lacado envase 75 x 70 ,3,https://cotizar.jjquimienvases.com/items/imagenes/hl28.jpg,12,1,357,358,38
532,lacado envase circular 75 x 40 dorado,3,https://cotizar.jjquimienvases.com/items/imagenes/hl29.jpg,12,1,357,358,38
535,lacado envase 41 x 40 ,3,https://cotizar.jjquimienvases.com/items/imagenes/hl30.jpg,12,1,357,358,38
547,rectangular op 167 x 107 x 60 plateada,3,https://cotizar.jjquimienvases.com/items/imagenes/hl31.jpg,12,1,357,358,38
548,HOJALATA rectangular PLATA 167 x 107 x 35,3,https://cotizar.jjquimienvases.com/items/imagenes/hl32.jpg,12,1,357,358,38
549,rectangular op 107 x 80 x 60 dorada,3,https://cotizar.jjquimienvases.com/items/imagenes/hl33.jpg,12,1,357,358,38
550,rectangular op 107 x 82 x 35,3,https://cotizar.jjquimienvases.com/items/imagenes/hl34.jpg,12,1,357,358,38
